season,round,driver_id,pit_stops
2018,1,brendon_hartley,2
2018,1,raikkonen,1
2018,1,hamilton,1
2018,1,leclerc,2
2018,1,max_verstappen,1
2018,1,kevin_magnussen,1
2018,1,sainz,1
2018,1,ocon,1
2018,1,grosjean,1
2018,1,hulkenberg,1
2018,1,perez,1
2018,1,vandoorne,1
2018,1,bottas,1
2018,1,stroll,2
2018,1,vettel,1
2018,1,ricciardo,1
2018,1,alonso,1
2018,2,max_verstappen,1
2018,2,leclerc,2
2018,2,perez,2
2018,2,vandoorne,2
2018,2,stroll,2
2018,2,kevin_magnussen,2
2018,2,alonso,2
2018,2,gasly,2
2018,2,hulkenberg,2
2018,2,ocon,2
2018,2,sainz,2
2018,2,vettel,1
2018,2,grosjean,3
2018,2,raikkonen,1
2018,2,bottas,1
2018,2,brendon_hartley,2
2018,2,sirotkin,2
2018,2,ericsson,1
2018,2,hamilton,1
2018,3,brendon_hartley,2
2018,3,ocon,2
2018,3,sainz,2
2018,3,perez,2
2018,3,hulkenberg,2
2018,3,grosjean,2
2018,3,max_verstappen,2
2018,3,ricciardo,2
2018,3,hamilton,1
2018,3,bottas,1
2018,3,vettel,1
2018,3,gasly,2
2018,3,leclerc,1
2018,3,vandoorne,1
2018,3,stroll,1
2018,3,kevin_magnussen,1
2018,3,raikkonen,1
2018,3,sirotkin,2
2018,3,alonso,1
2018,3,ericsson,1
2018,4,raikkonen,2
2018,4,brendon_hartley,3
2018,4,alonso,2
2018,4,kevin_magnussen,2
2018,4,ericsson,4
2018,4,perez,2
2018,4,grosjean,2
2018,4,gasly,2
2018,4,sainz,2
2018,4,vandoorne,4
2018,4,hamilton,2
2018,4,stroll,2
2018,4,leclerc,2
2018,4,vettel,2
2018,4,ricciardo,1
2018,4,max_verstappen,1
2018,4,bottas,1
2018,5,brendon_hartley,2
2018,5,sirotkin,3
2018,5,vettel,2
2018,5,bottas,1
2018,5,leclerc,1
2018,5,stroll,1
2018,5,alonso,1
2018,5,hamilton,1
2018,5,sainz,1
2018,5,perez,2
2018,5,ocon,1
2018,5,kevin_magnussen,1
2018,5,ricciardo,1
2018,5,max_verstappen,1
2018,5,vandoorne,1
2018,5,ericsson,1
2018,6,sirotkin,3
2018,6,stroll,3
2018,6,hamilton,1
2018,6,brendon_hartley,1
2018,6,leclerc,1
2018,6,grosjean,2
2018,6,vettel,1
2018,6,sainz,1
2018,6,ricciardo,1
2018,6,raikkonen,1
2018,6,bottas,1
2018,6,ericsson,1
2018,6,kevin_magnussen,1
2018,6,alonso,1
2018,6,vandoorne,2
2018,6,perez,1
2018,6,ocon,1
2018,6,gasly,1
2018,6,max_verstappen,1
2018,6,hulkenberg,1
2018,7,vandoorne,2
2018,7,ericsson,1
2018,7,perez,2
2018,7,ocon,1
2018,7,hulkenberg,1
2018,7,sainz,1
2018,7,max_verstappen,1
2018,7,hamilton,1
2018,7,ricciardo,1
2018,7,alonso,1
2018,7,leclerc,1
2018,7,kevin_magnussen,1
2018,7,gasly,1
2018,7,sirotkin,1
2018,7,raikkonen,1
2018,7,bottas,1
2018,7,vettel,1
2018,7,grosjean,1
2018,8,stroll,1
2018,8,sirotkin,1
2018,8,vettel,2
2018,8,alonso,2
2018,8,bottas,2
2018,8,max_verstappen,1
2018,8,sainz,1
2018,8,ricciardo,1
2018,8,kevin_magnussen,1
2018,8,leclerc,1
2018,8,hamilton,1
2018,8,raikkonen,1
2018,8,grosjean,1
2018,8,ericsson,1
2018,8,hulkenberg,1
2018,8,brendon_hartley,1
2018,8,vandoorne,1
2018,9,vandoorne,2
2018,9,max_verstappen,1
2018,9,raikkonen,1
2018,9,ricciardo,2
2018,9,vettel,1
2018,9,grosjean,1
2018,9,ocon,1
2018,9,sainz,2
2018,9,stroll,2
2018,9,gasly,1
2018,9,leclerc,1
2018,9,alonso,1
2018,9,sirotkin,2
2018,9,hamilton,2
2018,9,perez,1
2018,9,kevin_magnussen,1
2018,9,ericsson,1
2018,10,raikkonen,2
2018,10,alonso,2
2018,10,perez,2
2018,10,max_verstappen,2
2018,10,sainz,2
2018,10,ricciardo,2
2018,10,leclerc,1
2018,10,ocon,1
2018,10,vettel,2
2018,10,hulkenberg,1
2018,10,gasly,2
2018,10,bottas,1
2018,10,vandoorne,2
2018,10,sirotkin,1
2018,10,ericsson,1
2018,10,hamilton,1
2018,10,kevin_magnussen,1
2018,10,grosjean,1
2018,10,stroll,1
2018,11,raikkonen,2
2018,11,hulkenberg,3
2018,11,kevin_magnussen,3
2018,11,sainz,3
2018,11,leclerc,3
2018,11,grosjean,3
2018,11,perez,1
2018,11,vettel,1
2018,11,ocon,1
2018,11,stroll,2
2018,11,bottas,2
2018,11,brendon_hartley,2
2018,11,sirotkin,2
2018,11,max_verstappen,3
2018,11,vandoorne,2
2018,11,alonso,3
2018,11,ericsson,1
2018,11,hamilton,1
2018,11,gasly,2
2018,12,ericsson,1
2018,12,raikkonen,2
2018,12,bottas,1
2018,12,perez,1
2018,12,hulkenberg,2
2018,12,brendon_hartley,1
2018,12,hamilton,1
2018,12,sainz,1
2018,12,grosjean,1
2018,12,kevin_magnussen,1
2018,12,sirotkin,1
2018,12,gasly,1
2018,12,vettel,1
2018,12,alonso,1
2018,12,ocon,1
2018,12,vandoorne,1
2018,12,ricciardo,1
2018,12,stroll,1
2018,13,vettel,2
2018,13,hamilton,2
2018,13,perez,2
2018,13,ocon,2
2018,13,max_verstappen,2
2018,13,grosjean,2
2018,13,kevin_magnussen,2
2018,13,gasly,2
2018,13,ericsson,2
2018,13,sirotkin,2
2018,13,stroll,2
2018,13,brendon_hartley,2
2018,13,sainz,2
2018,13,bottas,3
2018,13,vandoorne,3
2018,13,raikkonen,2
2018,14,hulkenberg,2
2018,14,ricciardo,1
2018,14,vettel,2
2018,14,ericsson,2
2018,14,kevin_magnussen,1
2018,14,raikkonen,1
2018,14,grosjean,1
2018,14,vandoorne,1
2018,14,max_verstappen,1
2018,14,hamilton,1
2018,14,gasly,1
2018,14,leclerc,1
2018,14,stroll,1
2018,14,bottas,1
2018,14,sirotkin,1
2018,14,ocon,1
2018,14,perez,1
2018,14,sainz,1
2018,15,sirotkin,2
2018,15,vettel,1
2018,15,brendon_hartley,2
2018,15,hamilton,1
2018,15,hulkenberg,1
2018,15,bottas,1
2018,15,grosjean,1
2018,15,max_verstappen,1
2018,15,perez,3
2018,15,raikkonen,1
2018,15,gasly,1
2018,15,kevin_magnussen,3
2018,15,ricciardo,1
2018,15,sainz,1
2018,15,alonso,1
2018,15,leclerc,1
2018,15,stroll,1
2018,15,vandoorne,1
2018,15,ericsson,1
2018,16,brendon_hartley,1
2018,16,alonso,1
2018,16,stroll,1
2018,16,grosjean,1
2018,16,kevin_magnussen,1
2018,16,leclerc,1
2018,16,ocon,1
2018,16,sirotkin,1
2018,16,ericsson,2
2018,16,vandoorne,1
2018,16,bottas,1
2018,16,perez,1
2018,16,vettel,1
2018,16,hamilton,1
2018,16,raikkonen,1
2018,16,sainz,1
2018,16,hulkenberg,1
2018,16,ricciardo,1
2018,16,max_verstappen,1
2018,17,kevin_magnussen,1
2018,17,leclerc,2
2018,17,sirotkin,2
2018,17,ericsson,1
2018,17,stroll,2
2018,17,raikkonen,1
2018,17,max_verstappen,1
2018,17,bottas,1
2018,17,ricciardo,1
2018,17,vandoorne,1
2018,17,hamilton,1
2018,17,perez,1
2018,17,ocon,1
2018,17,vettel,1
2018,17,alonso,1
2018,17,brendon_hartley,1
2018,17,grosjean,1
2018,17,gasly,1
2018,17,hulkenberg,1
2018,17,sainz,1
2018,18,leclerc,1
2018,18,stroll,3
2018,18,grosjean,1
2018,18,sirotkin,2
2018,18,vandoorne,2
2018,18,gasly,2
2018,18,hamilton,2
2018,18,raikkonen,1
2018,18,max_verstappen,1
2018,18,ocon,1
2018,18,bottas,1
2018,18,hulkenberg,1
2018,18,sainz,1
2018,18,perez,1
2018,18,vettel,1
2018,18,brendon_hartley,1
2018,18,kevin_magnussen,1
2018,18,ericsson,1
2018,19,ocon,2
2018,19,brendon_hartley,2
2018,19,gasly,2
2018,19,stroll,2
2018,19,hamilton,2
2018,19,bottas,3
2018,19,sainz,1
2018,19,sirotkin,1
2018,19,ricciardo,1
2018,19,hulkenberg,1
2018,19,vandoorne,1
2018,19,max_verstappen,2
2018,19,leclerc,1
2018,19,ericsson,1
2018,19,vettel,2
2018,19,raikkonen,1
2018,19,perez,1
2018,19,kevin_magnussen,1
2018,19,grosjean,2
2018,20,alonso,2
2018,20,sirotkin,1
2018,20,stroll,2
2018,20,bottas,2
2018,20,ericsson,1
2018,20,hamilton,1
2018,20,gasly,1
2018,20,sainz,2
2018,20,vettel,2
2018,20,vandoorne,1
2018,20,raikkonen,1
2018,20,grosjean,1
2018,20,max_verstappen,1
2018,20,leclerc,1
2018,20,ricciardo,1
2018,20,perez,1
2018,20,ocon,2
2018,20,kevin_magnussen,1
2018,20,brendon_hartley,1
2018,21,brendon_hartley,1
2018,21,hamilton,1
2018,21,leclerc,1
2018,21,grosjean,1
2018,21,vettel,1
2018,21,bottas,2
2018,21,max_verstappen,1
2018,21,ocon,1
2018,21,perez,1
2018,21,alonso,1
2018,21,gasly,1
2018,21,ricciardo,1
2018,21,vandoorne,1
2018,21,sirotkin,1
2018,21,sainz,1
2018,21,stroll,1
2018,21,kevin_magnussen,1
2019,1,kubica,3
2019,1,ricciardo,1
2019,1,raikkonen,1
2019,1,hulkenberg,1
2019,1,perez,1
2019,1,vettel,1
2019,1,kevin_magnussen,1
2019,1,albon,1
2019,1,hamilton,1
2019,1,grosjean,1
2019,1,norris,1
2019,1,bottas,1
2019,1,max_verstappen,1
2019,1,kvyat,1
2019,1,russell,2
2019,1,stroll,1
2019,1,giovinazzi,1
2019,1,leclerc,1
2019,1,gasly,1
2019,2,stroll,2
2019,2,grosjean,1
2019,2,sainz,3
2019,2,perez,2
2019,2,raikkonen,2
2019,2,gasly,2
2019,2,albon,2
2019,2,norris,2
2019,2,kevin_magnussen,2
2019,2,max_verstappen,2
2019,2,kubica,2
2019,2,bottas,2
2019,2,hulkenberg,2
2019,2,kvyat,2
2019,2,russell,2
2019,2,leclerc,2
2019,2,hamilton,2
2019,2,vettel,3
2019,2,giovinazzi,2
2019,2,ricciardo,1
2019,3,sainz,2
2019,3,norris,3
2019,3,kvyat,3
2019,3,giovinazzi,2
2019,3,grosjean,2
2019,3,kevin_magnussen,2
2019,3,hulkenberg,1
2019,3,max_verstappen,2
2019,3,vettel,2
2019,3,ricciardo,1
2019,3,gasly,3
2019,3,albon,1
2019,3,perez,1
2019,3,stroll,2
2019,3,bottas,2
2019,3,hamilton,2
2019,3,leclerc,2
2019,3,russell,2
2019,3,raikkonen,1
2019,3,kubica,1
2019,4,kvyat,1
2019,4,raikkonen,1
2019,4,kevin_magnussen,2
2019,4,giovinazzi,1
2019,4,hulkenberg,2
2019,4,norris,2
2019,4,perez,1
2019,4,stroll,1
2019,4,ricciardo,1
2019,4,vettel,1
2019,4,bottas,1
2019,4,sainz,1
2019,4,albon,1
2019,4,hamilton,1
2019,4,max_verstappen,1
2019,4,kubica,3
2019,4,russell,2
2019,4,leclerc,2
2019,4,grosjean,1
2019,5,giovinazzi,2
2019,5,vettel,2
2019,5,max_verstappen,2
2019,5,kvyat,2
2019,5,gasly,2
2019,5,stroll,1
2019,5,kevin_magnussen,2
2019,5,ricciardo,2
2019,5,sainz,2
2019,5,perez,2
2019,5,leclerc,2
2019,5,albon,2
2019,5,bottas,2
2019,5,grosjean,2
2019,5,norris,1
2019,5,hamilton,2
2019,5,raikkonen,2
2019,5,kubica,2
2019,5,russell,2
2019,5,hulkenberg,1
2019,6,hulkenberg,1
2019,6,leclerc,2
2019,6,russell,1
2019,6,hamilton,1
2019,6,bottas,2
2019,6,vettel,1
2019,6,max_verstappen,1
2019,6,ricciardo,1
2019,6,kevin_magnussen,1
2019,6,perez,1
2019,6,kubica,1
2019,6,gasly,2
2019,6,sainz,1
2019,6,kvyat,1
2019,6,stroll,1
2019,6,albon,1
2019,6,giovinazzi,1
2019,6,raikkonen,1
2019,6,norris,1
2019,6,grosjean,1
2019,7,albon,1
2019,7,sainz,1
2019,7,raikkonen,2
2019,7,gasly,1
2019,7,ricciardo,1
2019,7,kubica,2
2019,7,russell,1
2019,7,perez,1
2019,7,kvyat,1
2019,7,hulkenberg,1
2019,7,vettel,1
2019,7,hamilton,1
2019,7,bottas,2
2019,7,leclerc,1
2019,7,giovinazzi,1
2019,7,grosjean,1
2019,7,kevin_magnussen,1
2019,7,stroll,1
2019,7,max_verstappen,1
2019,8,giovinazzi,2
2019,8,ricciardo,1
2019,8,kevin_magnussen,1
2019,8,gasly,1
2019,8,norris,1
2019,8,perez,1
2019,8,sainz,1
2019,8,max_verstappen,1
2019,8,leclerc,1
2019,8,bottas,1
2019,8,hamilton,1
2019,8,kubica,1
2019,8,vettel,2
2019,8,albon,1
2019,8,russell,2
2019,8,raikkonen,1
2019,8,grosjean,1
2019,8,kvyat,1
2019,8,hulkenberg,1
2019,8,stroll,1
2019,9,kevin_magnussen,3
2019,9,kubica,1
2019,9,bottas,1
2019,9,vettel,2
2019,9,leclerc,1
2019,9,raikkonen,1
2019,9,giovinazzi,1
2019,9,norris,1
2019,9,gasly,1
2019,9,stroll,1
2019,9,hulkenberg,1
2019,9,russell,1
2019,9,perez,1
2019,9,hamilton,1
2019,9,max_verstappen,1
2019,9,kvyat,1
2019,9,grosjean,1
2019,9,albon,1
2019,9,sainz,1
2019,9,ricciardo,1
2019,10,grosjean,1
2019,10,kevin_magnussen,1
2019,10,gasly,1
2019,10,ricciardo,2
2019,10,kvyat,2
2019,10,leclerc,2
2019,10,max_verstappen,2
2019,10,norris,2
2019,10,albon,1
2019,10,hulkenberg,1
2019,10,stroll,2
2019,10,bottas,2
2019,10,raikkonen,1
2019,10,perez,3
2019,10,hamilton,1
2019,10,vettel,2
2019,10,sainz,1
2019,10,kubica,1
2019,10,russell,1
2019,11,vettel,5
2019,11,albon,4
2019,11,hamilton,6
2019,11,bottas,4
2019,11,max_verstappen,5
2019,11,raikkonen,4
2019,11,hulkenberg,3
2019,11,leclerc,3
2019,11,grosjean,5
2019,11,gasly,4
2019,11,sainz,3
2019,11,giovinazzi,4
2019,11,ricciardo,1
2019,11,kvyat,4
2019,11,norris,2
2019,11,stroll,5
2019,11,russell,5
2019,11,kubica,5
2019,11,kevin_magnussen,6
2019,12,bottas,2
2019,12,giovinazzi,1
2019,12,russell,1
2019,12,stroll,2
2019,12,perez,1
2019,12,kubica,1
2019,12,grosjean,1
2019,12,kvyat,1
2019,12,max_verstappen,2
2019,12,leclerc,1
2019,12,norris,1
2019,12,gasly,1
2019,12,albon,1
2019,12,sainz,1
2019,12,raikkonen,1
2019,12,hamilton,2
2019,12,hulkenberg,1
2019,12,kevin_magnussen,1
2019,12,vettel,1
2019,12,ricciardo,1
2019,13,ricciardo,1
2019,13,raikkonen,3
2019,13,sainz,1
2019,13,hulkenberg,2
2019,13,gasly,1
2019,13,stroll,2
2019,13,vettel,2
2019,13,perez,1
2019,13,grosjean,1
2019,13,norris,1
2019,13,leclerc,1
2019,13,hamilton,1
2019,13,bottas,1
2019,13,albon,1
2019,13,kvyat,1
2019,13,kevin_magnussen,1
2019,13,giovinazzi,1
2019,13,russell,1
2019,13,kubica,1
2019,14,max_verstappen,2
2019,14,vettel,3
2019,14,grosjean,2
2019,14,stroll,2
2019,14,hamilton,2
2019,14,raikkonen,2
2019,14,leclerc,1
2019,14,kevin_magnussen,2
2019,14,giovinazzi,1
2019,14,norris,1
2019,14,russell,1
2019,14,albon,1
2019,14,bottas,1
2019,14,sainz,1
2019,14,kvyat,1
2019,14,perez,1
2019,14,gasly,1
2019,14,hulkenberg,1
2019,14,kubica,2
2019,14,ricciardo,1
2019,15,hulkenberg,2
2019,15,russell,1
2019,15,kvyat,2
2019,15,perez,1
2019,15,raikkonen,1
2019,15,kevin_magnussen,2
2019,15,vettel,1
2019,15,max_verstappen,1
2019,15,leclerc,1
2019,15,albon,1
2019,15,norris,1
2019,15,kubica,2
2019,15,bottas,1
2019,15,grosjean,2
2019,15,hamilton,1
2019,15,stroll,3
2019,15,gasly,1
2019,15,giovinazzi,2
2019,15,ricciardo,1
2019,15,sainz,1
2019,16,kubica,2
2019,16,ricciardo,1
2019,16,giovinazzi,2
2019,16,raikkonen,2
2019,16,hulkenberg,2
2019,16,norris,1
2019,16,sainz,1
2019,16,leclerc,2
2019,16,perez,1
2019,16,vettel,1
2019,16,gasly,1
2019,16,kevin_magnussen,1
2019,16,stroll,1
2019,16,kvyat,2
2019,16,russell,1
2019,16,hamilton,1
2019,16,bottas,1
2019,16,max_verstappen,1
2019,16,albon,1
2019,17,leclerc,3
2019,17,norris,2
2019,17,albon,2
2019,17,raikkonen,2
2019,17,vettel,2
2019,17,grosjean,1
2019,17,bottas,2
2019,17,kevin_magnussen,2
2019,17,gasly,1
2019,17,stroll,1
2019,17,giovinazzi,2
2019,17,hulkenberg,1
2019,17,perez,2
2019,17,hamilton,2
2019,17,kubica,2
2019,17,russell,1
2019,17,sainz,1
2019,17,kvyat,1
2019,17,ricciardo,1
2019,18,max_verstappen,1
2019,18,gasly,2
2019,18,kvyat,2
2019,18,albon,2
2019,18,leclerc,2
2019,18,sainz,2
2019,18,raikkonen,2
2019,18,hulkenberg,1
2019,18,perez,1
2019,18,giovinazzi,1
2019,18,kubica,2
2019,18,russell,1
2019,18,hamilton,1
2019,18,kevin_magnussen,1
2019,18,bottas,1
2019,18,vettel,1
2019,18,stroll,1
2019,18,grosjean,1
2019,18,ricciardo,1
2019,19,albon,3
2019,19,stroll,2
2019,19,kubica,1
2019,19,max_verstappen,2
2019,19,bottas,2
2019,19,giovinazzi,2
2019,19,sainz,1
2019,19,raikkonen,2
2019,19,kevin_magnussen,2
2019,19,norris,2
2019,19,gasly,2
2019,19,leclerc,2
2019,19,ricciardo,1
2019,19,kvyat,2
2019,19,russell,2
2019,19,hamilton,1
2019,19,perez,1
2019,19,grosjean,1
2019,19,hulkenberg,2
2019,20,ricciardo,2
2019,20,perez,2
2019,20,hamilton,3
2019,20,giovinazzi,2
2019,20,kubica,4
2019,20,max_verstappen,3
2019,20,raikkonen,2
2019,20,gasly,2
2019,20,kvyat,2
2019,20,russell,3
2019,20,albon,2
2019,20,vettel,2
2019,20,bottas,2
2019,20,grosjean,2
2019,20,norris,2
2019,20,hulkenberg,3
2019,20,kevin_magnussen,2
2019,20,stroll,2
2019,20,leclerc,2
2019,20,sainz,1
2019,21,stroll,2
2019,21,norris,1
2019,21,giovinazzi,2
2019,21,ricciardo,2
2019,21,leclerc,2
2019,21,vettel,2
2019,21,sainz,2
2019,21,albon,1
2019,21,hulkenberg,1
2019,21,grosjean,1
2019,21,kevin_magnussen,1
2019,21,raikkonen,1
2019,21,kubica,1
2019,21,max_verstappen,1
2019,21,hamilton,1
2019,21,bottas,1
2019,21,russell,1
2019,21,perez,1
2019,21,kvyat,1
2020,1,grosjean,1
2020,1,raikkonen,2
2020,1,giovinazzi,3
2020,1,russell,1
2020,1,bottas,2
2020,1,hamilton,2
2020,1,albon,3
2020,1,norris,3
2020,1,perez,2
2020,1,leclerc,3
2020,1,sainz,3
2020,1,vettel,3
2020,1,gasly,2
2020,1,kvyat,3
2020,1,ocon,2
2020,1,latifi,3
2020,2,leclerc,1
2020,2,max_verstappen,2
2020,2,gasly,2
2020,2,hamilton,1
2020,2,kevin_magnussen,1
2020,2,sainz,2
2020,2,latifi,1
2020,2,stroll,1
2020,2,bottas,1
2020,2,russell,1
2020,2,albon,1
2020,2,kvyat,1
2020,2,ricciardo,1
2020,2,grosjean,1
2020,2,perez,1
2020,2,norris,1
2020,2,giovinazzi,1
2020,2,raikkonen,1
2020,3,kvyat,2
2020,3,leclerc,2
2020,3,bottas,3
2020,3,hamilton,3
2020,3,stroll,3
2020,3,vettel,2
2020,3,perez,2
2020,3,sainz,2
2020,3,albon,2
2020,3,latifi,5
2020,3,gasly,1
2020,3,raikkonen,2
2020,3,max_verstappen,2
2020,3,ricciardo,2
2020,3,ocon,2
2020,3,norris,2
2020,3,russell,3
2020,3,giovinazzi,3
2020,3,grosjean,1
2020,3,kevin_magnussen,1
2020,4,albon,2
2020,4,ricciardo,1
2020,4,norris,1
2020,4,ocon,1
2020,4,vettel,1
2020,4,gasly,1
2020,4,giovinazzi,1
2020,4,raikkonen,2
2020,4,russell,1
2020,4,latifi,1
2020,4,hamilton,1
2020,4,bottas,2
2020,4,max_verstappen,2
2020,4,leclerc,1
2020,4,sainz,2
2020,4,stroll,1
2020,4,grosjean,1
2020,5,albon,2
2020,5,gasly,2
2020,5,giovinazzi,2
2020,5,russell,3
2020,5,kevin_magnussen,2
2020,5,latifi,3
2020,5,norris,2
2020,5,bottas,2
2020,5,hamilton,2
2020,5,ricciardo,3
2020,5,hulkenberg,3
2020,5,grosjean,2
2020,5,stroll,2
2020,5,leclerc,1
2020,5,kvyat,2
2020,5,sainz,2
2020,5,ocon,1
2020,5,vettel,2
2020,5,max_verstappen,2
2020,5,raikkonen,1
2020,6,albon,2
2020,6,russell,2
2020,6,raikkonen,2
2020,6,max_verstappen,2
2020,6,gasly,2
2020,6,norris,2
2020,6,kvyat,2
2020,6,giovinazzi,2
2020,6,sainz,2
2020,6,hamilton,2
2020,6,bottas,3
2020,6,stroll,2
2020,6,kevin_magnussen,1
2020,6,latifi,2
2020,6,perez,1
2020,6,leclerc,1
2020,6,vettel,1
2020,6,grosjean,2
2020,6,ocon,1
2020,6,ricciardo,1
2020,7,leclerc,2
2020,7,raikkonen,1
2020,7,grosjean,1
2020,7,kevin_magnussen,2
2020,7,latifi,2
2020,7,hamilton,1
2020,7,bottas,1
2020,7,max_verstappen,1
2020,7,ricciardo,1
2020,7,ocon,1
2020,7,albon,1
2020,7,stroll,1
2020,7,norris,1
2020,7,kvyat,1
2020,7,vettel,1
2020,7,perez,1
2020,7,gasly,1
2020,8,kevin_magnussen,1
2020,8,latifi,2
2020,8,leclerc,1
2020,8,raikkonen,2
2020,8,gasly,2
2020,8,hamilton,3
2020,8,giovinazzi,3
2020,8,sainz,2
2020,8,norris,2
2020,8,ricciardo,2
2020,8,perez,2
2020,8,bottas,2
2020,8,max_verstappen,2
2020,8,ocon,2
2020,8,kvyat,2
2020,8,albon,2
2020,8,grosjean,2
2020,8,russell,2
2020,8,stroll,1
2020,9,raikkonen,6
2020,9,vettel,6
2020,9,bottas,5
2020,9,hamilton,5
2020,9,leclerc,5
2020,9,albon,5
2020,9,stroll,3
2020,9,ricciardo,5
2020,9,perez,5
2020,9,norris,5
2020,9,kvyat,5
2020,9,russell,5
2020,9,ocon,1
2020,9,grosjean,5
2020,10,russell,3
2020,10,albon,2
2020,10,norris,2
2020,10,ricciardo,1
2020,10,hamilton,1
2020,10,giovinazzi,1
2020,10,grosjean,2
2020,10,latifi,1
2020,10,ocon,1
2020,10,gasly,2
2020,10,kevin_magnussen,1
2020,10,perez,1
2020,10,max_verstappen,1
2020,10,bottas,1
2020,10,leclerc,1
2020,10,kvyat,1
2020,10,vettel,1
2020,10,raikkonen,1
2020,11,albon,1
2020,11,leclerc,2
2020,11,raikkonen,2
2020,11,vettel,2
2020,11,russell,1
2020,11,bottas,1
2020,11,kevin_magnussen,2
2020,11,latifi,2
2020,11,giovinazzi,2
2020,11,hamilton,2
2020,11,max_verstappen,2
2020,11,ricciardo,2
2020,11,kvyat,2
2020,11,perez,2
2020,11,sainz,2
2020,11,grosjean,1
2020,11,norris,1
2020,11,hulkenberg,2
2020,11,gasly,2
2020,12,perez,2
2020,12,raikkonen,1
2020,12,ricciardo,1
2020,12,norris,2
2020,12,stroll,2
2020,12,albon,2
2020,12,max_verstappen,1
2020,12,latifi,1
2020,12,kvyat,2
2020,12,sainz,1
2020,12,grosjean,1
2020,12,vettel,1
2020,12,gasly,1
2020,12,giovinazzi,1
2020,12,kevin_magnussen,1
2020,12,leclerc,1
2020,12,russell,1
2020,12,hamilton,1
2020,12,bottas,1
2020,12,ocon,1
2020,13,stroll,3
2020,13,grosjean,2
2020,13,giovinazzi,1
2020,13,russell,1
2020,13,leclerc,1
2020,13,norris,2
2020,13,ocon,1
2020,13,ricciardo,1
2020,13,kvyat,2
2020,13,albon,2
2020,13,sainz,2
2020,13,max_verstappen,1
2020,13,bottas,2
2020,13,perez,2
2020,13,kevin_magnussen,1
2020,13,hamilton,2
2020,13,latifi,1
2020,13,vettel,2
2020,13,raikkonen,1
2020,14,ocon,2
2020,14,leclerc,2
2020,14,bottas,2
2020,14,vettel,2
2020,14,hamilton,1
2020,14,raikkonen,3
2020,14,kevin_magnussen,2
2020,14,giovinazzi,1
2020,14,kvyat,1
2020,14,grosjean,2
2020,14,stroll,2
2020,14,latifi,2
2020,14,norris,2
2020,14,perez,1
2020,14,ricciardo,2
2020,14,sainz,2
2020,14,gasly,2
2020,14,max_verstappen,3
2020,14,albon,2
2020,14,russell,2
2020,15,hamilton,3
2020,15,max_verstappen,4
2020,15,perez,3
2020,15,albon,3
2020,15,ricciardo,3
2020,15,bottas,4
2020,15,gasly,2
2020,15,ocon,3
2020,15,norris,3
2020,15,leclerc,3
2020,15,giovinazzi,3
2020,15,stroll,1
2020,15,sainz,3
2020,15,kevin_magnussen,4
2020,15,vettel,3
2020,15,latifi,3
2020,15,raikkonen,3
2020,15,russell,3
2020,15,kvyat,3
2020,16,perez,2
2020,16,norris,2
2020,16,raikkonen,3
2020,16,giovinazzi,2
2020,16,kevin_magnussen,2
2020,16,kvyat,2
2020,16,latifi,1
2020,16,sainz,2
2020,16,gasly,2
2020,16,ricciardo,2
2020,16,vettel,3
2020,16,aitken,3
2020,16,pietro_fittipaldi,3
2020,16,ocon,1
2020,16,stroll,1
2020,16,russell,4
2020,16,albon,2
2020,16,bottas,2
2020,17,max_verstappen,1
2020,17,bottas,1
2020,17,hamilton,1
2020,17,albon,1
2020,17,norris,1
2020,17,sainz,1
2020,17,stroll,1
2020,17,gasly,1
2020,17,kvyat,1
2020,17,ocon,1
2020,17,raikkonen,1
2020,17,russell,1
2020,17,pietro_fittipaldi,3
2020,17,latifi,2
2020,17,leclerc,1
2020,17,giovinazzi,1
2020,17,kevin_magnussen,2
2020,17,vettel,1
2020,17,ricciardo,1
2021,1,perez,3
2021,1,gasly,3
2021,1,alonso,2
2021,1,norris,2
2021,1,leclerc,2
2021,1,stroll,2
2021,1,giovinazzi,2
2021,1,hamilton,2
2021,1,ricciardo,2
2021,1,raikkonen,2
2021,1,ocon,2
2021,1,russell,2
2021,1,latifi,2
2021,1,mick_schumacher,2
2021,1,sainz,2
2021,1,tsunoda,2
2021,1,bottas,3
2021,1,max_verstappen,2
2021,1,vettel,1
2021,2,ocon,5
2021,2,vettel,5
2021,2,mick_schumacher,4
2021,2,mazepin,4
2021,2,gasly,4
2021,2,tsunoda,3
2021,2,russell,1
2021,2,raikkonen,3
2021,2,max_verstappen,2
2021,2,sainz,2
2021,2,ricciardo,2
2021,2,stroll,3
2021,2,hamilton,4
2021,2,giovinazzi,4
2021,2,leclerc,2
2021,2,perez,2
2021,2,norris,2
2021,2,bottas,1
2021,2,alonso,3
2021,3,bottas,4
2021,3,hamilton,3
2021,3,max_verstappen,4
2021,3,sainz,3
2021,3,perez,3
2021,3,norris,3
2021,3,ocon,3
2021,3,leclerc,3
2021,3,gasly,3
2021,3,vettel,3
2021,3,russell,3
2021,3,giovinazzi,3
2021,3,ricciardo,3
2021,3,alonso,3
2021,3,tsunoda,3
2021,3,stroll,3
2021,3,latifi,3
2021,3,mick_schumacher,3
2021,3,mazepin,4
2021,4,giovinazzi,2
2021,4,russell,2
2021,4,latifi,3
2021,4,gasly,2
2021,4,alonso,2
2021,4,vettel,2
2021,4,sainz,2
2021,4,stroll,2
2021,4,mazepin,2
2021,4,bottas,2
2021,4,ocon,1
2021,4,norris,2
2021,4,mick_schumacher,2
2021,4,max_verstappen,2
2021,4,ricciardo,2
2021,4,perez,2
2021,4,hamilton,2
2021,4,leclerc,2
2021,4,raikkonen,1
2021,5,hamilton,2
2021,5,norris,1
2021,5,gasly,1
2021,5,vettel,1
2021,5,russell,1
2021,5,sainz,1
2021,5,giovinazzi,1
2021,5,max_verstappen,1
2021,5,perez,1
2021,5,mazepin,1
2021,5,ricciardo,1
2021,5,ocon,1
2021,5,mick_schumacher,1
2021,5,raikkonen,1
2021,5,latifi,1
2021,5,alonso,1
2021,5,stroll,1
2021,5,tsunoda,1
2021,6,russell,4
2021,6,giovinazzi,4
2021,6,alonso,4
2021,6,norris,3
2021,6,mick_schumacher,5
2021,6,leclerc,3
2021,6,tsunoda,3
2021,6,latifi,2
2021,6,mazepin,6
2021,6,sainz,3
2021,6,hamilton,3
2021,6,gasly,3
2021,6,bottas,3
2021,6,ricciardo,3
2021,6,max_verstappen,1
2021,6,perez,3
2021,6,raikkonen,3
2021,6,vettel,3
2021,7,leclerc,2
2021,7,tsunoda,1
2021,7,mick_schumacher,1
2021,7,ricciardo,1
2021,7,bottas,1
2021,7,sainz,1
2021,7,gasly,1
2021,7,russell,1
2021,7,max_verstappen,2
2021,7,alonso,1
2021,7,latifi,1
2021,7,hamilton,1
2021,7,perez,1
2021,7,norris,1
2021,7,ocon,1
2021,7,giovinazzi,1
2021,7,mazepin,1
2021,7,raikkonen,1
2021,7,stroll,1
2021,7,vettel,1
2021,8,leclerc,2
2021,8,latifi,2
2021,8,mazepin,1
2021,8,giovinazzi,1
2021,8,russell,2
2021,8,perez,2
2021,8,tsunoda,1
2021,8,bottas,1
2021,8,alonso,1
2021,8,vettel,1
2021,8,hamilton,2
2021,8,stroll,1
2021,8,max_verstappen,1
2021,8,norris,1
2021,8,mick_schumacher,1
2021,8,raikkonen,1
2021,8,ocon,1
2021,8,sainz,1
2021,8,ricciardo,1
2021,9,giovinazzi,2
2021,9,tsunoda,2
2021,9,gasly,2
2021,9,stroll,2
2021,9,vettel,2
2021,9,mazepin,2
2021,9,ricciardo,1
2021,9,norris,1
2021,9,bottas,1
2021,9,russell,1
2021,9,hamilton,2
2021,9,max_verstappen,2
2021,9,perez,1
2021,9,alonso,1
2021,9,latifi,1
2021,9,leclerc,1
2021,9,mick_schumacher,1
2021,9,raikkonen,1
2021,9,sainz,1
2021,10,leclerc,2
2021,10,hamilton,2
2021,10,bottas,2
2021,10,norris,2
2021,10,ricciardo,2
2021,10,vettel,2
2021,10,alonso,2
2021,10,sainz,2
2021,10,raikkonen,2
2021,10,ocon,2
2021,10,stroll,2
2021,10,gasly,3
2021,10,giovinazzi,2
2021,10,russell,2
2021,10,tsunoda,2
2021,10,mick_schumacher,2
2021,10,latifi,2
2021,10,mazepin,2
2021,10,perez,4
2021,11,max_verstappen,5
2021,11,mazepin,2
2021,11,norris,1
2021,11,giovinazzi,5
2021,11,hamilton,4
2021,11,ocon,3
2021,11,vettel,3
2021,11,sainz,3
2021,11,tsunoda,3
2021,11,latifi,3
2021,11,alonso,3
2021,11,russell,3
2021,11,raikkonen,4
2021,11,mick_schumacher,3
2021,11,gasly,4
2021,11,ricciardo,3
2021,13,mick_schumacher,2
2021,13,perez,2
2021,13,vettel,2
2021,13,hamilton,3
2021,13,max_verstappen,2
2021,13,latifi,1
2021,13,gasly,1
2021,13,giovinazzi,2
2021,13,russell,2
2021,13,stroll,1
2021,13,ricciardo,1
2021,13,bottas,2
2021,13,sainz,1
2021,13,ocon,1
2021,13,tsunoda,1
2021,13,alonso,1
2021,13,mazepin,1
2021,13,leclerc,1
2021,13,kubica,1
2021,13,norris,1
2021,14,giovinazzi,2
2021,14,ricciardo,1
2021,14,vettel,2
2021,14,max_verstappen,1
2021,14,latifi,1
2021,14,mick_schumacher,1
2021,14,norris,1
2021,14,mazepin,3
2021,14,hamilton,1
2021,14,stroll,1
2021,14,alonso,1
2021,14,leclerc,1
2021,14,perez,1
2021,14,sainz,1
2021,14,bottas,1
2021,14,ocon,1
2021,14,russell,1
2021,14,kubica,1
2021,15,stroll,2
2021,15,russell,2
2021,15,latifi,1
2021,15,tsunoda,3
2021,15,sainz,2
2021,15,mazepin,2
2021,15,ocon,2
2021,15,raikkonen,2
2021,15,mick_schumacher,1
2021,15,ricciardo,2
2021,15,hamilton,2
2021,15,max_verstappen,2
2021,15,vettel,2
2021,15,norris,2
2021,15,bottas,2
2021,15,gasly,2
2021,15,leclerc,2
2021,15,perez,2
2021,15,alonso,2
2021,15,giovinazzi,2
2021,16,ricciardo,1
2021,16,alonso,1
2021,16,norris,1
2021,16,latifi,1
2021,16,tsunoda,1
2021,16,russell,1
2021,16,max_verstappen,1
2021,16,sainz,1
2021,16,mazepin,1
2021,16,vettel,2
2021,16,bottas,1
2021,16,perez,1
2021,16,raikkonen,1
2021,16,gasly,1
2021,16,stroll,1
2021,16,mick_schumacher,1
2021,16,giovinazzi,1
2021,16,leclerc,1
2021,16,hamilton,1
2021,17,mazepin,3
2021,17,ocon,2
2021,17,latifi,2
2021,17,alonso,3
2021,17,giovinazzi,2
2021,17,tsunoda,2
2021,17,russell,2
2021,17,max_verstappen,2
2021,17,norris,2
2021,17,gasly,1
2021,17,ricciardo,2
2021,17,sainz,2
2021,17,mick_schumacher,2
2021,17,perez,2
2021,17,leclerc,2
2021,17,raikkonen,2
2021,17,hamilton,2
2021,17,bottas,2
2021,17,vettel,2
2021,17,stroll,2
2021,18,ricciardo,2
2021,18,bottas,4
2021,18,latifi,2
2021,18,stroll,2
2021,18,mazepin,2
2021,18,ocon,1
2021,18,russell,1
2021,18,giovinazzi,1
2021,18,hamilton,1
2021,18,leclerc,1
2021,18,gasly,1
2021,18,raikkonen,1
2021,18,max_verstappen,1
2021,18,vettel,1
2021,18,alonso,1
2021,18,perez,1
2021,18,sainz,1
2021,18,norris,1
2021,19,norris,5
2021,19,tsunoda,5
2021,19,russell,4
2021,19,max_verstappen,4
2021,19,perez,5
2021,19,hamilton,4
2021,19,bottas,4
2021,19,leclerc,4
2021,19,sainz,4
2021,19,vettel,4
2021,19,gasly,4
2021,19,ocon,3
2021,19,ricciardo,3
2021,19,alonso,3
2021,19,stroll,3
2021,19,giovinazzi,4
2021,19,mazepin,3
2021,19,mick_schumacher,5
2021,19,latifi,4
2021,19,raikkonen,4
2021,20,tsunoda,2
2021,20,raikkonen,2
2021,20,gasly,2
2021,20,giovinazzi,2
2021,20,max_verstappen,3
2021,20,russell,2
2021,20,hamilton,2
2021,20,latifi,1
2021,20,perez,2
2021,20,mick_schumacher,1
2021,20,alonso,1
2021,20,stroll,1
2021,20,ocon,1
2021,20,norris,2
2021,20,ricciardo,1
2021,20,vettel,1
2021,20,sainz,1
2021,20,leclerc,1
2021,20,mazepin,1
2021,20,bottas,1
2021,21,stroll,3
2021,21,russell,2
2021,21,hamilton,3
2021,21,bottas,3
2021,21,leclerc,3
2021,21,perez,2
2021,21,norris,3
2021,21,alonso,4
2021,21,latifi,3
2021,21,max_verstappen,2
2021,21,ocon,2
2021,21,ricciardo,2
2021,21,gasly,2
2021,21,sainz,2
2021,21,giovinazzi,2
2021,21,tsunoda,3
2021,21,raikkonen,3
2021,21,vettel,2
2021,21,mazepin,1
2021,22,mick_schumacher,2
2021,22,max_verstappen,3
2021,22,hamilton,1
2021,22,leclerc,2
2021,22,ocon,1
2021,22,norris,2
2021,22,giovinazzi,1
2021,22,ricciardo,2
2021,22,sainz,1
2021,22,perez,3
2021,22,stroll,2
2021,22,raikkonen,1
2021,22,tsunoda,2
2021,22,vettel,1
2021,22,latifi,1
2021,22,bottas,1
2021,22,gasly,2
2021,22,alonso,1
2022,1,hamilton,3
2022,1,alonso,3
2022,1,mick_schumacher,2
2022,1,albon,3
2022,1,max_verstappen,3
2022,1,sainz,3
2022,1,kevin_magnussen,3
2022,1,gasly,2
2022,1,ocon,3
2022,1,bottas,3
2022,1,latifi,3
2022,1,leclerc,3
2022,1,perez,3
2022,1,russell,3
2022,1,tsunoda,3
2022,1,zhou,3
2022,1,ricciardo,3
2022,1,stroll,3
2022,1,hulkenberg,3
2022,1,norris,3
2022,2,ricciardo,1
2022,2,stroll,1
2022,2,albon,1
2022,2,perez,1
2022,2,gasly,1
2022,2,leclerc,1
2022,2,max_verstappen,1
2022,2,sainz,1
2022,2,russell,1
2022,2,alonso,1
2022,2,bottas,2
2022,2,ocon,1
2022,2,norris,1
2022,2,zhou,2
2022,2,kevin_magnussen,1
2022,2,hulkenberg,1
2022,2,hamilton,1
2022,3,stroll,3
2022,3,latifi,2
2022,3,mick_schumacher,1
2022,3,ocon,1
2022,3,max_verstappen,1
2022,3,tsunoda,1
2022,3,perez,1
2022,3,norris,1
2022,3,ricciardo,1
2022,3,gasly,1
2022,3,zhou,1
2022,3,leclerc,1
2022,3,hamilton,1
2022,3,bottas,1
2022,3,russell,1
2022,3,alonso,2
2022,3,kevin_magnussen,1
2022,3,albon,1
2022,4,ricciardo,3
2022,4,vettel,1
2022,4,gasly,1
2022,4,albon,1
2022,4,perez,2
2022,4,russell,1
2022,4,bottas,1
2022,4,kevin_magnussen,1
2022,4,tsunoda,1
2022,4,stroll,1
2022,4,hamilton,1
2022,4,ocon,1
2022,4,latifi,1
2022,4,zhou,1
2022,4,mick_schumacher,2
2022,4,max_verstappen,2
2022,4,leclerc,3
2022,4,norris,1
2022,5,tsunoda,2
2022,5,kevin_magnussen,2
2022,5,mick_schumacher,2
2022,5,alonso,1
2022,5,gasly,2
2022,5,albon,1
2022,5,norris,1
2022,5,hamilton,1
2022,5,leclerc,1
2022,5,max_verstappen,1
2022,5,bottas,1
2022,5,sainz,1
2022,5,perez,2
2022,5,ricciardo,2
2022,5,latifi,1
2022,5,russell,1
2022,5,stroll,1
2022,5,ocon,1
2022,5,vettel,1
2022,6,hamilton,3
2022,6,kevin_magnussen,2
2022,6,sainz,3
2022,6,alonso,3
2022,6,gasly,3
2022,6,zhou,1
2022,6,tsunoda,3
2022,6,ricciardo,3
2022,6,albon,4
2022,6,norris,3
2022,6,mick_schumacher,2
2022,6,latifi,3
2022,6,russell,3
2022,6,max_verstappen,3
2022,6,ocon,3
2022,6,bottas,2
2022,6,stroll,3
2022,6,perez,3
2022,6,leclerc,1
2022,6,vettel,2
2022,7,stroll,4
2022,7,latifi,4
2022,7,gasly,3
2022,7,mick_schumacher,2
2022,7,vettel,3
2022,7,tsunoda,4
2022,7,hamilton,3
2022,7,perez,3
2022,7,norris,4
2022,7,leclerc,3
2022,7,max_verstappen,3
2022,7,albon,3
2022,7,ricciardo,2
2022,7,zhou,2
2022,7,bottas,2
2022,7,sainz,2
2022,7,russell,2
2022,7,alonso,2
2022,7,ocon,2
2022,8,latifi,2
2022,8,leclerc,1
2022,8,russell,2
2022,8,gasly,1
2022,8,hamilton,2
2022,8,vettel,1
2022,8,tsunoda,2
2022,8,zhou,1
2022,8,kevin_magnussen,1
2022,8,albon,2
2022,8,mick_schumacher,2
2022,8,perez,2
2022,8,max_verstappen,2
2022,8,alonso,1
2022,8,norris,1
2022,8,stroll,1
2022,8,ricciardo,1
2022,8,ocon,1
2022,8,bottas,1
2022,9,vettel,2
2022,9,gasly,2
2022,9,kevin_magnussen,1
2022,9,max_verstappen,2
2022,9,hamilton,2
2022,9,tsunoda,2
2022,9,latifi,2
2022,9,albon,2
2022,9,russell,2
2022,9,ocon,2
2022,9,zhou,2
2022,9,ricciardo,2
2022,9,norris,2
2022,9,sainz,2
2022,9,alonso,2
2022,9,leclerc,1
2022,9,stroll,1
2022,9,bottas,1
2022,10,max_verstappen,4
2022,10,sainz,3
2022,10,hamilton,3
2022,10,leclerc,2
2022,10,alonso,3
2022,10,perez,3
2022,10,norris,3
2022,10,latifi,3
2022,10,bottas,1
2022,10,ricciardo,4
2022,10,gasly,2
2022,10,kevin_magnussen,2
2022,10,vettel,3
2022,10,stroll,3
2022,10,mick_schumacher,3
2022,10,tsunoda,3
2022,10,ocon,2
2022,11,perez,1
2022,11,bottas,2
2022,11,russell,2
2022,11,albon,2
2022,11,ricciardo,2
2022,11,gasly,2
2022,11,latifi,2
2022,11,max_verstappen,3
2022,11,norris,2
2022,11,kevin_magnussen,2
2022,11,ocon,2
2022,11,mick_schumacher,2
2022,11,vettel,2
2022,11,zhou,2
2022,11,leclerc,3
2022,11,tsunoda,2
2022,11,sainz,2
2022,11,alonso,3
2022,11,hamilton,2
2022,11,stroll,2
2022,12,kevin_magnussen,2
2022,12,mick_schumacher,2
2022,12,zhou,2
2022,12,tsunoda,1
2022,12,max_verstappen,1
2022,12,hamilton,1
2022,12,perez,1
2022,12,russell,1
2022,12,alonso,1
2022,12,norris,1
2022,12,ocon,1
2022,12,sainz,2
2022,12,ricciardo,1
2022,12,stroll,1
2022,12,albon,1
2022,12,gasly,1
2022,12,bottas,2
2022,12,vettel,1
2022,12,latifi,2
2022,13,albon,3
2022,13,kevin_magnussen,3
2022,13,tsunoda,3
2022,13,norris,2
2022,13,stroll,2
2022,13,ricciardo,2
2022,13,vettel,2
2022,13,russell,2
2022,13,max_verstappen,2
2022,13,gasly,2
2022,13,sainz,2
2022,13,perez,2
2022,13,latifi,3
2022,13,hamilton,2
2022,13,leclerc,3
2022,13,alonso,1
2022,13,mick_schumacher,2
2022,13,ocon,1
2022,13,bottas,1
2022,13,zhou,2
2022,14,leclerc,3
2022,14,latifi,3
2022,14,albon,2
2022,14,gasly,2
2022,14,sainz,2
2022,14,alonso,2
2022,14,kevin_magnussen,2
2022,14,ricciardo,2
2022,14,ocon,2
2022,14,russell,2
2022,14,norris,2
2022,14,perez,2
2022,14,vettel,2
2022,14,zhou,2
2022,14,mick_schumacher,2
2022,14,max_verstappen,2
2022,14,stroll,2
2022,14,tsunoda,2
2022,15,vettel,4
2022,15,gasly,4
2022,15,ricciardo,5
2022,15,alonso,3
2022,15,zhou,4
2022,15,mick_schumacher,4
2022,15,tsunoda,3
2022,15,latifi,4
2022,15,sainz,3
2022,15,perez,4
2022,15,kevin_magnussen,4
2022,15,stroll,4
2022,15,bottas,2
2022,15,leclerc,4
2022,15,norris,3
2022,15,max_verstappen,4
2022,15,ocon,3
2022,15,albon,4
2022,15,hamilton,3
2022,15,russell,3
2022,16,perez,2
2022,16,leclerc,3
2022,16,latifi,2
2022,16,gasly,1
2022,16,zhou,1
2022,16,stroll,1
2022,16,ricciardo,1
2022,16,de_vries,1
2022,16,ocon,1
2022,16,tsunoda,2
2022,16,russell,2
2022,16,kevin_magnussen,2
2022,16,max_verstappen,2
2022,16,sainz,2
2022,16,hamilton,1
2022,16,mick_schumacher,1
2022,16,norris,2
2022,16,bottas,1
2022,17,kevin_magnussen,2
2022,17,russell,4
2022,17,gasly,1
2022,17,tsunoda,1
2022,17,bottas,1
2022,17,leclerc,1
2022,17,hamilton,1
2022,17,vettel,1
2022,17,mick_schumacher,2
2022,17,perez,1
2022,17,sainz,1
2022,17,max_verstappen,2
2022,17,stroll,1
2022,17,norris,1
2022,17,ricciardo,1
2022,18,gasly,4
2022,18,max_verstappen,2
2022,18,leclerc,2
2022,18,perez,2
2022,18,ocon,2
2022,18,hamilton,2
2022,18,alonso,3
2022,18,russell,2
2022,18,ricciardo,2
2022,18,tsunoda,3
2022,18,mick_schumacher,2
2022,18,stroll,3
2022,18,kevin_magnussen,2
2022,18,norris,2
2022,18,bottas,2
2022,18,latifi,2
2022,18,vettel,2
2022,18,zhou,3
2022,19,latifi,2
2022,19,albon,2
2022,19,zhou,2
2022,19,bottas,1
2022,19,tsunoda,2
2022,19,ricciardo,2
2022,19,gasly,2
2022,19,hamilton,2
2022,19,max_verstappen,2
2022,19,russell,3
2022,19,perez,2
2022,19,norris,2
2022,19,stroll,1
2022,19,leclerc,2
2022,19,vettel,2
2022,19,alonso,2
2022,19,ocon,2
2022,19,mick_schumacher,2
2022,19,kevin_magnussen,1
2022,20,stroll,2
2022,20,perez,1
2022,20,latifi,2
2022,20,mick_schumacher,1
2022,20,max_verstappen,1
2022,20,leclerc,1
2022,20,hamilton,1
2022,20,sainz,1
2022,20,tsunoda,1
2022,20,norris,1
2022,20,ocon,1
2022,20,russell,2
2022,20,vettel,1
2022,20,albon,1
2022,20,kevin_magnussen,1
2022,20,bottas,1
2022,20,alonso,1
2022,20,gasly,1
2022,20,ricciardo,1
2022,20,zhou,1
2022,21,albon,3
2022,21,max_verstappen,3
2022,21,leclerc,3
2022,21,alonso,3
2022,21,zhou,2
2022,21,sainz,3
2022,21,gasly,3
2022,21,tsunoda,3
2022,21,latifi,3
2022,21,perez,2
2022,21,russell,2
2022,21,norris,2
2022,21,bottas,2
2022,21,ocon,2
2022,21,mick_schumacher,2
2022,21,vettel,2
2022,21,hamilton,2
2022,21,stroll,2
2022,22,albon,2
2022,22,stroll,2
2022,22,ocon,2
2022,22,tsunoda,2
2022,22,mick_schumacher,2
2022,22,gasly,1
2022,22,perez,2
2022,22,russell,2
2022,22,norris,2
2022,22,zhou,2
2022,22,latifi,2
2022,22,sainz,2
2022,22,hamilton,1
2022,22,alonso,1
2022,22,ricciardo,1
2022,22,max_verstappen,1
2022,22,leclerc,1
2022,22,vettel,1
2022,22,kevin_magnussen,1
2022,22,bottas,1
2023,1,gasly,3
2023,1,norris,6
2023,1,tsunoda,3
2023,1,bottas,2
2023,1,albon,3
2023,1,de_vries,2
2023,1,hulkenberg,3
2023,1,hamilton,2
2023,1,ocon,3
2023,1,sargeant,3
2023,1,zhou,3
2023,1,leclerc,2
2023,1,sainz,2
2023,1,russell,2
2023,1,max_verstappen,2
2023,1,alonso,2
2023,1,stroll,2
2023,1,kevin_magnussen,3
2023,1,perez,2
2023,2,piastri,1
2023,2,norris,2
2023,2,kevin_magnussen,1
2023,2,bottas,3
2023,2,zhou,2
2023,2,hulkenberg,1
2023,2,stroll,1
2023,2,gasly,1
2023,2,sainz,1
2023,2,leclerc,1
2023,2,ocon,1
2023,2,tsunoda,1
2023,2,albon,1
2023,2,de_vries,1
2023,2,perez,1
2023,2,alonso,1
2023,2,russell,1
2023,2,max_verstappen,1
2023,2,hamilton,1
2023,2,sargeant,1
2023,3,ocon,3
2023,3,zhou,5
2023,3,sargeant,6
2023,3,perez,5
2023,3,bottas,6
2023,3,russell,2
2023,3,sainz,4
2023,3,kevin_magnussen,2
2023,3,hamilton,3
2023,3,max_verstappen,3
2023,3,alonso,3
2023,3,stroll,3
2023,3,gasly,2
2023,3,hulkenberg,3
2023,3,tsunoda,4
2023,3,norris,3
2023,3,piastri,4
2023,3,de_vries,4
2023,4,gasly,2
2023,4,bottas,3
2023,4,albon,1
2023,4,tsunoda,1
2023,4,piastri,1
2023,4,sargeant,1
2023,4,hamilton,1
2023,4,norris,1
2023,4,max_verstappen,1
2023,4,kevin_magnussen,1
2023,4,perez,1
2023,4,leclerc,1
2023,4,sainz,1
2023,4,alonso,1
2023,4,stroll,1
2023,4,russell,2
2023,4,zhou,1
2023,4,hulkenberg,1
2023,4,ocon,1
2023,5,sargeant,1
2023,5,norris,1
2023,5,piastri,1
2023,5,kevin_magnussen,1
2023,5,gasly,1
2023,5,bottas,1
2023,5,de_vries,1
2023,5,russell,1
2023,5,leclerc,1
2023,5,sainz,1
2023,5,perez,1
2023,5,albon,1
2023,5,alonso,1
2023,5,zhou,1
2023,5,hulkenberg,1
2023,5,tsunoda,1
2023,5,hamilton,1
2023,5,ocon,1
2023,5,stroll,1
2023,5,max_verstappen,1
2023,6,hulkenberg,3
2023,6,zhou,2
2023,6,perez,5
2023,6,albon,2
2023,6,sargeant,3
2023,6,hamilton,2
2023,6,ocon,2
2023,6,sainz,2
2023,6,leclerc,2
2023,6,gasly,2
2023,6,norris,2
2023,6,bottas,1
2023,6,stroll,1
2023,6,tsunoda,1
2023,6,alonso,2
2023,6,de_vries,1
2023,6,russell,1
2023,6,max_verstappen,1
2023,6,piastri,1
2023,6,kevin_magnussen,1
2023,7,norris,3
2023,7,bottas,2
2023,7,hulkenberg,3
2023,7,zhou,2
2023,7,de_vries,2
2023,7,tsunoda,2
2023,7,kevin_magnussen,3
2023,7,ocon,2
2023,7,stroll,2
2023,7,sainz,2
2023,7,leclerc,2
2023,7,albon,2
2023,7,piastri,2
2023,7,sargeant,2
2023,7,alonso,2
2023,7,gasly,2
2023,7,hamilton,2
2023,7,russell,2
2023,7,max_verstappen,2
2023,7,perez,2
2023,8,tsunoda,2
2023,8,gasly,2
2023,8,hulkenberg,2
2023,8,stroll,2
2023,8,de_vries,2
2023,8,max_verstappen,2
2023,8,hamilton,2
2023,8,alonso,2
2023,8,ocon,2
2023,8,piastri,2
2023,8,norris,2
2023,8,albon,1
2023,8,zhou,2
2023,8,russell,1
2023,8,kevin_magnussen,2
2023,8,bottas,1
2023,8,perez,2
2023,8,sainz,1
2023,8,leclerc,1
2023,9,kevin_magnussen,3
2023,9,tsunoda,4
2023,9,max_verstappen,4
2023,9,leclerc,3
2023,9,sainz,3
2023,9,hamilton,3
2023,9,norris,3
2023,9,alonso,3
2023,9,hulkenberg,2
2023,9,stroll,4
2023,9,gasly,3
2023,9,albon,3
2023,9,russell,3
2023,9,ocon,3
2023,9,perez,3
2023,9,zhou,3
2023,9,piastri,4
2023,9,sargeant,3
2023,9,bottas,3
2023,9,de_vries,3
2023,10,hulkenberg,2
2023,10,tsunoda,2
2023,10,leclerc,2
2023,10,zhou,3
2023,10,sainz,1
2023,10,de_vries,2
2023,10,russell,1
2023,10,perez,1
2023,10,piastri,1
2023,10,sargeant,1
2023,10,gasly,1
2023,10,stroll,1
2023,10,albon,1
2023,10,bottas,1
2023,10,max_verstappen,1
2023,10,norris,1
2023,10,hamilton,1
2023,10,alonso,1
2023,11,albon,2
2023,11,stroll,2
2023,11,tsunoda,2
2023,11,bottas,2
2023,11,zhou,2
2023,11,sargeant,2
2023,11,kevin_magnussen,2
2023,11,sainz,2
2023,11,hamilton,2
2023,11,hulkenberg,2
2023,11,norris,2
2023,11,leclerc,2
2023,11,piastri,2
2023,11,ricciardo,2
2023,11,alonso,2
2023,11,max_verstappen,2
2023,11,perez,2
2023,11,russell,2
2023,12,norris,2
2023,12,kevin_magnussen,2
2023,12,ricciardo,2
2023,12,ocon,2
2023,12,bottas,2
2023,12,albon,3
2023,12,sainz,1
2023,12,zhou,2
2023,12,sargeant,3
2023,12,tsunoda,2
2023,12,alonso,2
2023,12,hamilton,3
2023,12,hulkenberg,2
2023,12,perez,2
2023,12,leclerc,2
2023,12,max_verstappen,2
2023,12,stroll,1
2023,12,russell,1
2023,12,gasly,1
2023,13,perez,6
2023,13,leclerc,2
2023,13,gasly,5
2023,13,zhou,4
2023,13,tsunoda,5
2023,13,lawson,7
2023,13,kevin_magnussen,6
2023,13,max_verstappen,6
2023,13,alonso,5
2023,13,sainz,5
2023,13,ocon,6
2023,13,norris,6
2023,13,hamilton,5
2023,13,russell,6
2023,13,stroll,7
2023,13,piastri,5
2023,13,bottas,5
2023,13,hulkenberg,5
2023,13,albon,4
2023,14,gasly,2
2023,14,zhou,2
2023,14,kevin_magnussen,2
2023,14,lawson,2
2023,14,hulkenberg,2
2023,14,sargeant,1
2023,14,albon,1
2023,14,sainz,1
2023,14,russell,1
2023,14,max_verstappen,1
2023,14,leclerc,1
2023,14,stroll,1
2023,14,perez,1
2023,14,alonso,1
2023,14,norris,1
2023,14,piastri,2
2023,14,ocon,1
2023,14,bottas,1
2023,14,hamilton,1
2023,15,zhou,2
2023,15,sargeant,2
2023,15,sainz,1
2023,15,leclerc,1
2023,15,russell,2
2023,15,norris,1
2023,15,hamilton,2
2023,15,alonso,2
2023,15,ocon,1
2023,15,kevin_magnussen,2
2023,15,hulkenberg,1
2023,15,gasly,1
2023,15,lawson,1
2023,15,piastri,1
2023,15,albon,2
2023,15,perez,1
2023,15,max_verstappen,1
2023,15,bottas,1
2023,16,albon,2
2023,16,zhou,3
2023,16,ocon,2
2023,16,bottas,2
2023,16,perez,4
2023,16,sargeant,3
2023,16,hulkenberg,3
2023,16,tsunoda,2
2023,16,lawson,2
2023,16,alonso,2
2023,16,kevin_magnussen,2
2023,16,piastri,2
2023,16,stroll,1
2023,16,max_verstappen,2
2023,16,hamilton,2
2023,16,norris,2
2023,16,leclerc,2
2023,16,sainz,2
2023,16,gasly,2
2023,16,russell,1
2023,17,russell,4
2023,17,bottas,3
2023,17,kevin_magnussen,3
2023,17,stroll,3
2023,17,lawson,3
2023,17,tsunoda,3
2023,17,ocon,3
2023,17,alonso,3
2023,17,gasly,3
2023,17,piastri,3
2023,17,leclerc,3
2023,17,norris,3
2023,17,hulkenberg,3
2023,17,sargeant,2
2023,17,max_verstappen,3
2023,17,perez,3
2023,17,albon,3
2023,17,zhou,3
2023,18,zhou,2
2023,18,albon,2
2023,18,bottas,2
2023,18,kevin_magnussen,2
2023,18,sargeant,2
2023,18,max_verstappen,2
2023,18,norris,2
2023,18,sainz,2
2023,18,perez,2
2023,18,tsunoda,3
2023,18,gasly,2
2023,18,alonso,2
2023,18,hulkenberg,2
2023,18,hamilton,2
2023,18,stroll,2
2023,18,russell,2
2023,18,ricciardo,2
2023,18,leclerc,1
2023,19,tsunoda,2
2023,19,norris,3
2023,19,max_verstappen,3
2023,19,zhou,2
2023,19,sargeant,2
2023,19,hulkenberg,2
2023,19,kevin_magnussen,1
2023,19,hamilton,2
2023,19,piastri,2
2023,19,russell,2
2023,19,ricciardo,2
2023,19,gasly,2
2023,19,alonso,2
2023,19,sainz,2
2023,19,stroll,2
2023,19,leclerc,2
2023,19,bottas,2
2023,19,albon,2
2023,19,ocon,1
2023,20,max_verstappen,4
2023,20,norris,4
2023,20,hamilton,4
2023,20,alonso,4
2023,20,stroll,4
2023,20,russell,4
2023,20,perez,4
2023,20,sainz,4
2023,20,ocon,5
2023,20,piastri,4
2023,20,tsunoda,4
2023,20,gasly,4
2023,20,bottas,3
2023,20,zhou,3
2023,20,sargeant,4
2023,20,ricciardo,4
2023,20,hulkenberg,4
2023,21,perez,2
2023,21,alonso,2
2023,21,bottas,2
2023,21,stroll,2
2023,21,sainz,2
2023,21,tsunoda,2
2023,21,hulkenberg,2
2023,21,kevin_magnussen,2
2023,21,russell,2
2023,21,sargeant,1
2023,21,max_verstappen,2
2023,21,albon,1
2023,21,piastri,2
2023,21,gasly,1
2023,21,hamilton,2
2023,21,ricciardo,1
2023,21,ocon,1
2023,21,leclerc,1
2023,21,zhou,1
2023,22,kevin_magnussen,2
2023,22,ricciardo,2
2023,22,alonso,2
2023,22,piastri,2
2023,22,hulkenberg,2
2023,22,zhou,2
2023,22,norris,2
2023,22,russell,2
2023,22,hamilton,2
2023,22,ocon,1
2023,22,sargeant,2
2023,22,max_verstappen,2
2023,22,albon,2
2023,22,leclerc,2
2023,22,perez,2
2023,22,gasly,2
2023,22,tsunoda,1
2023,22,stroll,2
2023,22,sainz,2
2023,22,bottas,1
2024,1,hulkenberg,3
2024,1,zhou,2
2024,1,stroll,2
2024,1,ocon,2
2024,1,sargeant,3
2024,1,russell,2
2024,1,leclerc,2
2024,1,kevin_magnussen,2
2024,1,perez,2
2024,1,piastri,2
2024,1,hamilton,2
2024,1,gasly,3
2024,1,bottas,2
2024,1,norris,2
2024,1,ricciardo,2
2024,1,sainz,2
2024,1,tsunoda,2
2024,1,alonso,2
2024,1,albon,2
2024,1,max_verstappen,2
2024,2,max_verstappen,1
2024,2,perez,1
2024,2,leclerc,1
2024,2,piastri,1
2024,2,alonso,1
2024,2,russell,1
2024,2,bearman,1
2024,2,tsunoda,1
2024,2,albon,1
2024,2,kevin_magnussen,1
2024,2,ricciardo,1
2024,2,ocon,1
2024,2,bottas,2
2024,2,sargeant,1
2024,2,hulkenberg,1
2024,2,hamilton,1
2024,2,norris,1
2024,2,zhou,1
2024,3,ricciardo,2
2024,3,albon,2
2024,3,zhou,2
2024,3,hamilton,1
2024,3,kevin_magnussen,2
2024,3,russell,2
2024,3,stroll,2
2024,3,bottas,2
2024,3,leclerc,2
2024,3,piastri,2
2024,3,tsunoda,2
2024,3,ocon,3
2024,3,norris,2
2024,3,perez,2
2024,3,sainz,2
2024,3,alonso,2
2024,3,hulkenberg,2
2024,3,gasly,2
2024,4,max_verstappen,3
2024,4,perez,3
2024,4,norris,3
2024,4,sainz,3
2024,4,alonso,3
2024,4,piastri,3
2024,4,hamilton,3
2024,4,leclerc,2
2024,4,russell,3
2024,4,hulkenberg,3
2024,4,bottas,3
2024,4,tsunoda,3
2024,4,ocon,3
2024,4,gasly,3
2024,4,stroll,4
2024,4,kevin_magnussen,2
2024,4,sargeant,4
2024,4,zhou,3
2024,5,hulkenberg,2
2024,5,tsunoda,2
2024,5,zhou,3
2024,5,stroll,4
2024,5,bottas,1
2024,5,ocon,2
2024,5,albon,2
2024,5,hamilton,2
2024,5,alonso,3
2024,5,russell,2
2024,5,gasly,3
2024,5,sargeant,2
2024,5,max_verstappen,2
2024,5,perez,2
2024,5,ricciardo,1
2024,5,piastri,2
2024,5,sainz,1
2024,5,kevin_magnussen,2
2024,5,leclerc,1
2024,5,norris,1
2024,6,albon,2
2024,6,stroll,2
2024,6,sargeant,1
2024,6,bottas,2
2024,6,hulkenberg,2
2024,6,gasly,1
2024,6,perez,2
2024,6,leclerc,1
2024,6,ocon,1
2024,6,alonso,1
2024,6,kevin_magnussen,3
2024,6,max_verstappen,1
2024,6,russell,1
2024,6,hamilton,1
2024,6,piastri,2
2024,6,sainz,1
2024,6,tsunoda,1
2024,6,zhou,1
2024,6,ricciardo,1
2024,6,norris,1
2024,7,alonso,3
2024,7,albon,4
2024,7,gasly,2
2024,7,bottas,1
2024,7,ricciardo,1
2024,7,tsunoda,1
2024,7,hulkenberg,1
2024,7,russell,2
2024,7,norris,1
2024,7,piastri,1
2024,7,max_verstappen,1
2024,7,leclerc,1
2024,7,ocon,1
2024,7,sainz,1
2024,7,hamilton,1
2024,7,sargeant,1
2024,7,zhou,1
2024,7,perez,1
2024,7,stroll,1
2024,7,kevin_magnussen,1
2024,8,leclerc,1
2024,8,piastri,1
2024,8,norris,1
2024,8,russell,1
2024,8,max_verstappen,2
2024,8,hamilton,2
2024,8,tsunoda,1
2024,8,albon,1
2024,8,gasly,1
2024,8,stroll,3
2024,8,ricciardo,1
2024,8,alonso,1
2024,8,sargeant,2
2024,8,bottas,2
2024,8,sainz,1
2024,8,zhou,2
2024,9,kevin_magnussen,4
2024,9,hulkenberg,3
2024,9,zhou,3
2024,9,max_verstappen,2
2024,9,russell,3
2024,9,piastri,2
2024,9,alonso,2
2024,9,hamilton,3
2024,9,stroll,2
2024,9,albon,2
2024,9,leclerc,3
2024,9,sainz,2
2024,9,gasly,2
2024,9,perez,2
2024,9,norris,2
2024,9,ricciardo,2
2024,9,bottas,1
2024,9,tsunoda,1
2024,9,ocon,1
2024,10,zhou,2
2024,10,tsunoda,3
2024,10,kevin_magnussen,2
2024,10,bottas,2
2024,10,hulkenberg,2
2024,10,ocon,2
2024,10,perez,3
2024,10,gasly,2
2024,10,sargeant,2
2024,10,russell,2
2024,10,sainz,2
2024,10,hamilton,2
2024,10,ricciardo,2
2024,10,max_verstappen,2
2024,10,stroll,2
2024,10,albon,2
2024,10,alonso,2
2024,10,piastri,2
2024,10,norris,2
2024,10,leclerc,2
2024,11,leclerc,4
2024,11,sargeant,3
2024,11,kevin_magnussen,2
2024,11,ricciardo,2
2024,11,hulkenberg,2
2024,11,alonso,3
2024,11,albon,2
2024,11,ocon,2
2024,11,bottas,2
2024,11,gasly,2
2024,11,stroll,2
2024,11,hamilton,2
2024,11,perez,2
2024,11,tsunoda,2
2024,11,russell,2
2024,11,sainz,2
2024,11,max_verstappen,3
2024,11,norris,2
2024,11,piastri,2
2024,11,zhou,2
2024,12,zhou,4
2024,12,leclerc,3
2024,12,perez,4
2024,12,ocon,4
2024,12,max_verstappen,2
2024,12,sainz,3
2024,12,hulkenberg,2
2024,12,stroll,2
2024,12,ricciardo,2
2024,12,bottas,2
2024,12,norris,2
2024,12,hamilton,2
2024,12,russell,1
2024,12,alonso,2
2024,12,tsunoda,2
2024,12,albon,2
2024,12,kevin_magnussen,2
2024,12,sargeant,2
2024,12,piastri,2
2024,13,hulkenberg,2
2024,13,albon,2
2024,13,kevin_magnussen,2
2024,13,ocon,3
2024,13,alonso,2
2024,13,ricciardo,2
2024,13,zhou,2
2024,13,sargeant,3
2024,13,stroll,2
2024,13,hamilton,2
2024,13,bottas,2
2024,13,norris,2
2024,13,piastri,2
2024,13,max_verstappen,2
2024,13,sainz,2
2024,13,leclerc,2
2024,13,perez,2
2024,13,gasly,1
2024,13,tsunoda,1
2024,13,russell,2
2024,14,hulkenberg,2
2024,14,albon,2
2024,14,ricciardo,2
2024,14,sargeant,2
2024,14,gasly,2
2024,14,russell,1
2024,14,max_verstappen,2
2024,14,hamilton,2
2024,14,perez,3
2024,14,piastri,2
2024,14,bottas,2
2024,14,leclerc,2
2024,14,ocon,2
2024,14,stroll,1
2024,14,alonso,1
2024,14,norris,2
2024,14,tsunoda,1
2024,14,kevin_magnussen,1
2024,14,sainz,2
2024,15,albon,2
2024,15,hulkenberg,1
2024,15,tsunoda,2
2024,15,bottas,2
2024,15,zhou,2
2024,15,sargeant,1
2024,15,hamilton,2
2024,15,leclerc,1
2024,15,russell,2
2024,15,max_verstappen,1
2024,15,norris,1
2024,15,perez,1
2024,15,ricciardo,1
2024,15,sainz,1
2024,15,stroll,1
2024,15,ocon,1
2024,15,alonso,1
2024,15,gasly,1
2024,15,piastri,1
2024,15,kevin_magnussen,1
2024,16,hulkenberg,2
2024,16,gasly,2
2024,16,russell,2
2024,16,ricciardo,1
2024,16,alonso,2
2024,16,norris,2
2024,16,kevin_magnussen,1
2024,16,leclerc,1
2024,16,hamilton,2
2024,16,zhou,1
2024,16,piastri,2
2024,16,colapinto,1
2024,16,albon,1
2024,16,sainz,1
2024,16,stroll,3
2024,16,max_verstappen,2
2024,16,perez,2
2024,16,ocon,1
2024,16,bottas,1
2024,17,stroll,2
2024,17,colapinto,1
2024,17,alonso,1
2024,17,bottas,1
2024,17,max_verstappen,2
2024,17,russell,1
2024,17,hamilton,1
2024,17,tsunoda,1
2024,17,perez,1
2024,17,bearman,1
2024,17,piastri,1
2024,17,hulkenberg,1
2024,17,leclerc,1
2024,17,sainz,1
2024,17,albon,1
2024,17,zhou,1
2024,17,norris,1
2024,17,ricciardo,1
2024,17,ocon,1
2024,17,gasly,1
2024,18,ricciardo,3
2024,18,albon,1
2024,18,sainz,1
2024,18,hamilton,1
2024,18,alonso,1
2024,18,stroll,1
2024,18,russell,1
2024,18,perez,1
2024,18,kevin_magnussen,2
2024,18,max_verstappen,1
2024,18,hulkenberg,1
2024,18,colapinto,1
2024,18,ocon,1
2024,18,norris,1
2024,18,tsunoda,1
2024,18,bottas,1
2024,18,zhou,1
2024,18,leclerc,1
2024,18,gasly,1
2024,18,piastri,1
2024,19,albon,2
2024,19,zhou,2
2024,19,bottas,1
2024,19,kevin_magnussen,2
2024,19,gasly,1
2024,19,tsunoda,1
2024,19,sainz,1
2024,19,max_verstappen,1
2024,19,leclerc,1
2024,19,perez,1
2024,19,alonso,1
2024,19,hulkenberg,1
2024,19,stroll,1
2024,19,norris,1
2024,19,ocon,2
2024,19,piastri,1
2024,19,lawson,1
2024,19,colapinto,1
2024,19,russell,1
2024,20,perez,3
2024,20,max_verstappen,1
2024,20,stroll,1
2024,20,hamilton,1
2024,20,gasly,1
2024,20,hulkenberg,1
2024,20,norris,1
2024,20,kevin_magnussen,1
2024,20,leclerc,2
2024,20,russell,1
2024,20,sainz,1
2024,20,piastri,1
2024,20,lawson,2
2024,20,zhou,1
2024,20,colapinto,1
2024,20,ocon,1
2024,20,bottas,1
2024,21,leclerc,2
2024,21,hulkenberg,3
2024,21,colapinto,2
2024,21,piastri,2
2024,21,alonso,2
2024,21,bearman,2
2024,21,hamilton,2
2024,21,sainz,2
2024,21,perez,2
2024,21,zhou,4
2024,21,russell,2
2024,21,norris,2
2024,21,tsunoda,2
2024,21,lawson,2
2024,21,ocon,1
2024,21,max_verstappen,1
2024,21,gasly,1
2024,21,bottas,1
2024,22,alonso,2
2024,22,leclerc,2
2024,22,norris,3
2024,22,albon,1
2024,22,stroll,2
2024,22,sainz,2
2024,22,gasly,1
2024,22,tsunoda,2
2024,22,piastri,2
2024,22,max_verstappen,2
2024,22,ocon,3
2024,22,zhou,2
2024,22,lawson,2
2024,22,russell,2
2024,22,hamilton,2
2024,22,hulkenberg,2
2024,22,colapinto,2
2024,22,perez,2
2024,22,kevin_magnussen,1
2024,22,bottas,2
2024,23,stroll,2
2024,23,hulkenberg,4
2024,23,russell,4
2024,23,bottas,3
2024,23,kevin_magnussen,3
2024,23,piastri,3
2024,23,sainz,3
2024,23,hamilton,4
2024,23,max_verstappen,3
2024,23,norris,4
2024,23,leclerc,3
2024,23,perez,3
2024,23,gasly,3
2024,23,alonso,3
2024,23,zhou,3
2024,23,tsunoda,4
2024,23,albon,4
2024,23,lawson,4
2024,24,colapinto,1
2024,24,piastri,2
2024,24,bottas,1
2024,24,stroll,2
2024,24,kevin_magnussen,4
2024,24,zhou,2
2024,24,albon,1
2024,24,hulkenberg,1
2024,24,alonso,2
2024,24,gasly,1
2024,24,leclerc,1
2024,24,tsunoda,1
2024,24,doohan,1
2024,24,lawson,3
2024,24,sainz,1
2024,24,norris,1
2024,24,russell,1
2024,24,max_verstappen,1
2024,24,hamilton,1
2025,1,norris,5
2025,1,max_verstappen,5
2025,1,piastri,5
2025,1,russell,5
2025,1,leclerc,5
2025,1,tsunoda,5
2025,1,albon,5
2025,1,hamilton,5
2025,1,gasly,5
2025,1,alonso,3
2025,1,stroll,5
2025,1,hulkenberg,5
2025,1,antonelli,5
2025,1,bortoleto,5
2025,1,ocon,5
2025,1,lawson,4
2025,1,bearman,5
2025,2,bortoleto,2
2025,2,gasly,1
2025,2,tsunoda,3
2025,2,ocon,1
2025,2,doohan,1
2025,2,antonelli,1
2025,2,hadjar,2
2025,2,hamilton,2
2025,2,max_verstappen,1
2025,2,piastri,1
2025,2,russell,1
2025,2,norris,1
2025,2,leclerc,1
2025,2,sainz,1
2025,2,lawson,2
2025,2,albon,1
2025,2,hulkenberg,1
2025,2,bearman,1
2025,2,stroll,1
2025,3,stroll,2
2025,3,doohan,1
2025,3,russell,1
2025,3,piastri,1
2025,3,max_verstappen,1
2025,3,norris,1
2025,3,leclerc,1
2025,3,hulkenberg,1
2025,3,bearman,1
2025,3,tsunoda,1
2025,3,albon,1
2025,3,alonso,1
2025,3,gasly,1
2025,3,hadjar,1
2025,3,hamilton,1
2025,3,antonelli,1
2025,3,bortoleto,1
2025,3,ocon,1
2025,3,lawson,1
2025,3,sainz,1
2025,4,hulkenberg,2
2025,4,hadjar,2
2025,4,ocon,2
2025,4,doohan,2
2025,4,norris,2
2025,4,gasly,2
2025,4,max_verstappen,2
2025,4,tsunoda,2
2025,4,antonelli,3
2025,4,stroll,2
2025,4,russell,2
2025,4,bortoleto,2
2025,4,piastri,2
2025,4,sainz,3
2025,4,bearman,2
2025,4,lawson,2
2025,4,albon,2
2025,4,alonso,2
2025,4,leclerc,2
2025,4,hamilton,2
2025,5,doohan,2
2025,5,ocon,1
2025,5,bortoleto,1
2025,5,bearman,1
2025,5,piastri,1
2025,5,antonelli,1
2025,5,alonso,1
2025,5,russell,1
2025,5,lawson,1
2025,5,max_verstappen,1
2025,5,sainz,1
2025,5,albon,1
2025,5,hamilton,1
2025,5,leclerc,1
2025,5,hulkenberg,1
2025,5,norris,1
2025,5,hadjar,1
2025,5,stroll,1
2025,6,bortoleto,1
2025,6,stroll,1
2025,6,hadjar,1
2025,6,ocon,1
2025,6,antonelli,1
2025,6,sainz,1
2025,6,max_verstappen,1
2025,6,albon,1
2025,6,tsunoda,1
2025,6,hamilton,1
2025,6,alonso,1
2025,6,lawson,1
2025,6,piastri,1
2025,6,norris,1
2025,6,russell,1
2025,6,leclerc,1
2025,6,gasly,1
2025,6,hulkenberg,1
2025,7,ocon,1
2025,7,gasly,2
2025,7,leclerc,2
2025,7,lawson,2
2025,7,russell,2
2025,7,sainz,2
2025,7,alonso,2
2025,7,bortoleto,3
2025,7,piastri,2
2025,7,stroll,2
2025,7,colapinto,2
2025,7,norris,2
2025,7,max_verstappen,2
2025,7,albon,2
2025,7,hadjar,2
2025,7,antonelli,1
2025,7,hamilton,2
2025,7,hulkenberg,1
2025,7,bearman,2
2025,7,tsunoda,1
2025,8,tsunoda,2
2025,8,gasly,1
2025,8,bearman,2
2025,8,bortoleto,3
2025,8,hulkenberg,2
2025,8,colapinto,2
2025,8,hadjar,2
2025,8,alonso,1
2025,8,ocon,2
2025,8,stroll,2
2025,8,hamilton,2
2025,8,norris,2
2025,8,piastri,2
2025,8,leclerc,2
2025,8,max_verstappen,2
2025,8,lawson,2
2025,8,albon,2
2025,8,sainz,2
2025,8,russell,3
2025,8,antonelli,2
2025,9,albon,2
2025,9,bearman,3
2025,9,tsunoda,4
2025,9,hulkenberg,3
2025,9,sainz,3
2025,9,gasly,3
2025,9,max_verstappen,4
2025,9,colapinto,3
2025,9,alonso,3
2025,9,hamilton,3
2025,9,leclerc,3
2025,9,lawson,2
2025,9,hadjar,3
2025,9,bortoleto,2
2025,9,russell,3
2025,9,ocon,2
2025,9,norris,3
2025,9,antonelli,2
2025,9,piastri,3
2025,10,max_verstappen,5
2025,10,russell,5
2025,10,hadjar,4
2025,10,antonelli,5
2025,10,colapinto,4
2025,10,hamilton,5
2025,10,alonso,6
2025,10,piastri,5
2025,10,bearman,4
2025,10,hulkenberg,5
2025,10,albon,1
2025,10,stroll,5
2025,10,leclerc,5
2025,10,norris,2
2025,10,lawson,1
2025,10,bortoleto,4
2025,10,gasly,4
2025,10,tsunoda,4
2025,10,ocon,4
2025,10,sainz,4
2025,11,hadjar,2
2025,11,bearman,2
2025,11,gasly,2
2025,11,hulkenberg,2
2025,11,albon,1
2025,11,colapinto,2
2025,11,russell,2
2025,11,tsunoda,3
2025,11,ocon,2
2025,11,norris,2
2025,11,bortoleto,2
2025,11,piastri,2
2025,11,leclerc,2
2025,11,hamilton,2
2025,11,stroll,2
2025,11,lawson,1
2025,11,alonso,1
2025,12,antonelli,3
2025,12,stroll,3
2025,12,hulkenberg,2
2025,12,russell,2
2025,12,leclerc,2
2025,12,hadjar,1
2025,12,bearman,2
2025,12,piastri,2
2025,12,norris,2
2025,12,max_verstappen,2
2025,12,hamilton,2
2025,12,gasly,2
2025,12,alonso,2
2025,12,sainz,2
2025,12,tsunoda,2
2025,12,albon,2
2025,12,ocon,2
2025,13,hamilton,1
2025,13,gasly,1
2025,13,hulkenberg,2
2025,13,alonso,2
2025,13,piastri,1
2025,13,leclerc,1
2025,13,max_verstappen,1
2025,13,russell,1
2025,13,albon,1
2025,13,lawson,1
2025,13,bortoleto,1
2025,13,bearman,1
2025,13,colapinto,2
2025,13,sainz,2
2025,13,antonelli,2
2025,13,stroll,1
2025,13,norris,1
2025,13,tsunoda,1
2025,13,hadjar,2
2025,13,ocon,1
2025,14,hulkenberg,2
2025,14,colapinto,2
2025,14,ocon,1
2025,14,albon,2
2025,14,sainz,2
2025,14,max_verstappen,2
2025,14,piastri,2
2025,14,leclerc,2
2025,14,russell,2
2025,14,tsunoda,2
2025,14,antonelli,1
2025,14,bearman,1
2025,14,norris,1
2025,14,gasly,1
2025,14,hadjar,1
2025,14,stroll,1
2025,14,alonso,1
2025,14,bortoleto,1
2025,14,lawson,1
2025,14,hamilton,1
2025,15,stroll,2
2025,15,alonso,2
2025,15,tsunoda,2
2025,15,colapinto,3
2025,15,hulkenberg,2
2025,15,leclerc,2
2025,15,bortoleto,2
2025,15,piastri,2
2025,15,norris,2
2025,15,max_verstappen,2
2025,15,hadjar,2
2025,15,russell,2
2025,15,lawson,3
2025,15,sainz,4
2025,15,albon,2
2025,15,antonelli,3
2025,15,gasly,1
2025,15,ocon,1
2025,15,bearman,1
2025,16,lawson,1
2025,16,bearman,1
2025,16,tsunoda,1
2025,16,bortoleto,1
2025,16,alonso,1
2025,16,russell,1
2025,16,antonelli,1
2025,16,sainz,1
2025,16,hadjar,1
2025,16,leclerc,1
2025,16,colapinto,1
2025,16,max_verstappen,1
2025,16,hamilton,1
2025,16,albon,1
2025,16,piastri,1
2025,16,norris,1
2025,16,stroll,1
2025,16,gasly,1
2025,16,ocon,1
2025,17,ocon,2
2025,17,albon,2
2025,17,colapinto,1
2025,17,antonelli,1
2025,17,leclerc,1
2025,17,lawson,1
2025,17,alonso,1
2025,17,bortoleto,1
2025,17,sainz,1
2025,17,bearman,1
2025,17,hadjar,1
2025,17,gasly,1
2025,17,hamilton,1
2025,17,hulkenberg,1
2025,17,norris,1
2025,17,stroll,1
2025,17,tsunoda,1
2025,17,russell,1
2025,17,max_verstappen,1
2025,18,bortoleto,1
2025,18,tsunoda,1
2025,18,colapinto,1
2025,18,max_verstappen,1
2025,18,hadjar,1
2025,18,leclerc,1
2025,18,bearman,1
2025,18,hamilton,2
2025,18,gasly,2
2025,18,russell,1
2025,18,antonelli,1
2025,18,hulkenberg,2
2025,18,norris,1
2025,18,piastri,1
2025,18,alonso,1
2025,18,ocon,1
2025,18,stroll,1
2025,18,albon,1
2025,18,lawson,1
2025,18,sainz,1
2025,19,albon,2
2025,19,bortoleto,2
2025,19,leclerc,1
2025,19,ocon,1
2025,19,gasly,1
2025,19,stroll,1
2025,19,hadjar,1
2025,19,tsunoda,1
2025,19,piastri,1
2025,19,bearman,1
2025,19,alonso,1
2025,19,lawson,1
2025,19,hamilton,1
2025,19,antonelli,1
2025,19,norris,1
2025,19,colapinto,1
2025,19,max_verstappen,1
2025,19,russell,1
2025,19,hulkenberg,1
2025,20,lawson,1
2025,20,sainz,3
2025,20,alonso,1
2025,20,antonelli,2
2025,20,hamilton,2
2025,20,bearman,2
2025,20,piastri,2
2025,20,russell,2
2025,20,stroll,2
2025,20,ocon,1
2025,20,leclerc,1
2025,20,gasly,1
2025,20,norris,1
2025,20,hadjar,1
2025,20,tsunoda,1
2025,20,max_verstappen,1
2025,20,bortoleto,1
2025,20,albon,1
2025,20,colapinto,1
2025,21,tsunoda,3
2025,21,hamilton,3
2025,21,max_verstappen,3
2025,21,ocon,2
2025,21,bearman,2
2025,21,sainz,2
2025,21,hadjar,2
2025,21,gasly,2
2025,21,lawson,1
2025,21,antonelli,2
2025,21,alonso,2
2025,21,colapinto,2
2025,21,stroll,2
2025,21,norris,2
2025,21,russell,2
2025,21,albon,2
2025,21,hulkenberg,1
2025,21,piastri,2
2025,22,tsunoda,2
2025,22,bortoleto,1
2025,22,antonelli,1
2025,22,lawson,2
2025,22,gasly,1
2025,22,albon,3
2025,22,alonso,1
2025,22,russell,1
2025,22,bearman,1
2025,22,hadjar,1
2025,22,piastri,1
2025,22,norris,1
2025,22,sainz,1
2025,22,leclerc,1
2025,22,max_verstappen,1
2025,22,colapinto,1
2025,22,ocon,1
2025,22,hamilton,1
2025,22,hulkenberg,1
2025,23,max_verstappen,2
2025,23,antonelli,2
2025,23,sainz,2
2025,23,alonso,2
2025,23,russell,2
2025,23,hadjar,2
2025,23,leclerc,2
2025,23,bearman,3
2025,23,lawson,2
2025,23,hamilton,2
2025,23,tsunoda,2
2025,23,albon,2
2025,23,bortoleto,2
2025,23,stroll,3
2025,23,colapinto,2
2025,23,gasly,2
2025,23,ocon,3
2025,23,piastri,2
2025,23,norris,2
2025,24,hulkenberg,2
2025,24,hamilton,2
2025,24,albon,2
2025,24,gasly,2
2025,24,russell,1
2025,24,hadjar,1
2025,24,bearman,1
2025,24,bortoleto,1
2025,24,colapinto,2
2025,24,norris,2
2025,24,leclerc,2
2025,24,alonso,1
2025,24,sainz,1
2025,24,ocon,1
2025,24,lawson,1
2025,24,max_verstappen,1
2025,24,tsunoda,1
2025,24,antonelli,1
2025,24,piastri,1
2025,24,stroll,1
2026,1,colapinto,2
2026,1,norris,2
2026,1,ocon,1
2026,1,gasly,1
2026,1,sainz,3
2026,1,lawson,2
2026,1,alonso,2
2026,1,stroll,4
2026,1,russell,1
2026,1,antonelli,1
2026,1,albon,2
2026,1,bottas,1
2026,1,arvid_lindblad,1
2026,1,max_verstappen,2
2026,1,bearman,1
2026,1,bortoleto,2
2026,1,perez,2
2026,1,leclerc,1
2026,1,hamilton,1
2026,2,hadjar,2
2026,2,lawson,1
2026,2,max_verstappen,1
2026,2,sainz,1
2026,2,antonelli,1
2026,2,russell,1
2026,2,hamilton,1
2026,2,leclerc,1
2026,2,gasly,1
2026,2,bearman,1
2026,2,bottas,1
2026,2,perez,1
2026,2,ocon,2
2026,2,alonso,1
2026,2,colapinto,1
2026,2,hulkenberg,1
2026,2,arvid_lindblad,1
2026,3,norris,1
2026,3,bearman,1
2026,3,leclerc,1
2026,3,colapinto,1
2026,3,piastri,1
2026,3,arvid_lindblad,1
2026,3,ocon,1
2026,3,hadjar,1
2026,3,bottas,1
2026,3,russell,1
2026,3,perez,1
2026,3,stroll,2
2026,3,alonso,2
2026,3,antonelli,1
2026,3,hamilton,1
2026,3,gasly,1
2026,3,max_verstappen,1
2026,3,lawson,1
2026,3,bortoleto,1
2026,3,sainz,1
2026,3,albon,6
2026,3,hulkenberg,1
2026,4,hulkenberg,1
2026,4,max_verstappen,1
2026,4,bottas,3
2026,4,russell,1
2026,4,leclerc,1
2026,4,stroll,2
2026,4,antonelli,1
2026,4,bearman,1
2026,4,norris,1
2026,4,hamilton,1
2026,4,albon,1
2026,4,piastri,1
2026,4,sainz,1
2026,4,arvid_lindblad,1
2026,4,perez,1
2026,4,colapinto,1
2026,4,ocon,1
2026,4,bortoleto,1
2026,4,alonso,1
